Views,Rating,Rating Count,Log Transformed Views,Log Transformed Rating Count,Rating * Log TRC
67800000,6,2683,7.831,3.429,20.574
29900000,4.7,14971,7.476,4.175,19.623
29500000,7,72157,7.47,4.858,34.006
27300000,6.3,270232,7.436,5.432,34.222
22300000,6,29764,7.348,4.474,26.844
20800000,7.1,36407,7.318,4.561,32.383
19600000,6.5,8320,7.292,3.92,25.48
17800000,6.7,200239,7.25,5.302,35.523
17700000,6.5,172136,7.248,5.236,34.034
17700000,6.5,172166,7.248,5.236,34.034
17200000,7.1,155,7.236,2.19,15.549
17000000,6.4,128044,7.23,5.107,32.685
16300000,4.9,368,7.212,2.566,12.573
15700000,7.2,26608,7.196,4.425,31.86
15600000,6.7,32797,7.193,4.516,30.257
13900000,6.1,174852,7.143,5.243,31.982
13000000,5.2,49569,7.114,4.695,24.414
12900000,5,53299,7.111,4.727,23.635
12800000,6.9,126227,7.107,5.101,35.197
12700000,6.2,88002,7.104,4.944,30.653
12100000,6.6,162921,7.083,5.212,34.399
11900000,6.6,18809,7.076,4.274,28.208
11700000,5,26092,7.068,4.417,22.085
11700000,5,26101,7.068,4.417,22.085
11500000,6.1,64848,7.061,4.812,29.353
11100000,8.1,146975,7.045,5.167,41.853
10900000,6.6,336633,7.037,5.527,36.478
10900000,5.8,43867,7.037,4.642,26.924
10900000,6.3,11438,7.037,4.058,25.565
10800000,5.9,83980,7.033,4.924,29.052
10800000,6.3,22398,7.033,4.35,27.405
10700000,6.1,62931,7.029,4.799,29.274
10700000,6.7,193255,7.029,5.286,35.416
10200000,6,127206,7.009,5.105,30.63
10100000,6,28116,7.004,4.449,26.694
9800000,7.3,1515,6.991,3.18,23.214
9600000,6.4,75902,6.982,4.88,31.232
9500000,5.9,880,6.978,2.944,17.37
9300000,6.2,53157,6.968,4.726,29.301
8800000,4.5,22251,6.944,4.347,19.562
8700000,6.3,50967,6.94,4.707,29.654
8600000,7.2,525424,6.934,5.721,41.191
8600000,5.8,19687,6.934,4.294,24.905
8300000,7.8,382523,6.919,5.583,43.547
8300000,5.7,39860,6.919,4.601,26.226
8000000,6.1,11632,6.903,4.066,24.803
7900000,8.1,547,6.898,2.738,22.178
7900000,8.1,548,6.898,2.739,22.186
7900000,2.7,5495,6.898,3.74,10.098
7800000,4.8,50801,6.892,4.706,22.589
7700000,6.6,37606,6.886,4.575,30.195
7700000,6.3,19030,6.886,4.279,26.958
7600000,5.7,171262,6.881,5.234,29.834
7600000,2.6,19357,6.881,4.287,11.146
7400000,7.3,110391,6.869,5.043,36.814
7300000,5.5,31856,6.863,4.503,24.767
7300000,4.4,24843,6.863,4.395,19.338
7300000,6.1,2122,6.863,3.327,20.295
7300000,5.6,217,6.863,2.336,13.082
7100000,6.5,61698,6.851,4.79,31.135
7100000,5.7,31821,6.851,4.503,25.667
7100000,6,88089,6.851,4.945,29.67
7100000,6,18459,6.851,4.266,25.596
6900000,6.9,91163,6.839,4.96,34.224
6800000,5.4,11579,6.833,4.064,21.946
6800000,7.4,19766,6.833,4.296,31.79
6400000,5.5,36521,6.806,4.563,25.097
6400000,7.1,107709,6.806,5.032,35.727
6300000,5.2,17071,6.799,4.232,22.006
6300000,6.8,3764,6.799,3.576,24.317
6200000,4.7,16962,6.792,4.229,19.876
6200000,6.2,61030,6.792,4.786,29.673
6200000,4.9,21862,6.792,4.34,21.266
6200000,5,3567,6.792,3.552,17.76
6100000,5.3,10805,6.785,4.034,21.38
6100000,5.6,23932,6.785,4.379,24.522
6100000,5.4,6844,6.785,3.835,20.709
6000000,5.7,25625,6.778,4.409,25.131
5800000,6.1,48309,6.763,4.684,28.572
5800000,6.6,169720,6.763,5.23,34.518
5800000,5.2,6511,6.763,3.814,19.833
5700000,5.7,11805,6.756,4.072,23.21
5700000,6,38979,6.756,4.591,27.546
5700000,5.2,9262,6.756,3.967,20.628
5600000,6.3,14313,6.748,4.156,26.183
5600000,6.6,151,6.748,2.179,14.381
5500000,7.3,243473,6.74,5.386,39.318
5500000,5.4,42472,6.74,4.628,24.991
5400000,6.3,188766,6.732,5.276,33.239
5400000,5.9,3955,6.732,3.597,21.222
5200000,6.1,15348,6.716,4.186,25.535
5100000,7.8,116,6.708,2.064,16.099
5100000,5.2,23890,6.708,4.378,22.766
5000000,6.3,121907,6.699,5.086,32.042
4800000,5.9,6139,6.681,3.788,22.349
4800000,5.5,17998,6.681,4.255,23.403
4800000,6.6,37,6.681,1.568,10.349
4700000,6.4,13457,6.672,4.129,26.426
4700000,6.4,13527,6.672,4.131,26.438
4700000,5.3,31421,6.672,4.497,23.834
4700000,5.7,46845,6.672,4.671,26.625
4600000,4.7,4644,6.663,3.667,17.235
4600000,5.8,39725,6.663,4.599,26.674
4600000,6.4,74728,6.663,4.873,31.187
4600000,5.6,20178,6.663,4.305,24.108
4600000,6.1,41,6.663,1.613,9.839
4600000,5.2,592,6.663,2.772,14.414
4500000,7.1,7959,6.653,3.901,27.697
4500000,6.1,13574,6.653,4.133,25.211
4500000,6.3,92479,6.653,4.966,31.286
4500000,5.8,967,6.653,2.985,17.313
4400000,7,57,6.643,1.756,12.292
4400000,6.1,16230,6.643,4.21,25.681
4400000,6.1,16247,6.643,4.211,25.687
4400000,4.4,8687,6.643,3.939,17.332
4400000,5.7,10178,6.643,4.008,22.846
4400000,5.8,39275,6.643,4.594,26.645
4300000,7.3,127673,6.633,5.106,37.274
4300000,4.8,49602,6.633,4.695,22.536
4300000,5.8,9930,6.633,3.997,23.183
4300000,5.3,15996,6.633,4.204,22.281
4300000,7.2,28220,6.633,4.451,32.047
4300000,6.9,3395,6.633,3.531,24.364
4100000,5.2,22189,6.613,4.346,22.599
4100000,6.3,59604,6.613,4.775,30.083
4100000,6.1,21978,6.613,4.342,26.486
4100000,6,64,6.613,1.806,10.836
4000000,5.3,7048,6.602,3.848,20.394
4000000,5.3,7054,6.602,3.848,20.394
4000000,6.6,17664,6.602,4.247,28.03
4000000,5.6,10604,6.602,4.025,22.54
4000000,5.1,187,6.602,2.272,11.587
3900000,7.3,146391,6.591,5.166,37.712
3900000,4.5,41955,6.591,4.623,20.804
3900000,5.5,2476,6.591,3.394,18.667
3900000,5.2,24220,6.591,4.384,22.797
3900000,4.4,21867,6.591,4.34,19.096
3900000,4.3,6019,6.591,3.78,16.254
3800000,6.2,26027,6.58,4.415,27.373
3800000,6.3,23637,6.58,4.374,27.556
3800000,6.5,53464,6.58,4.728,30.732
3800000,5.4,56339,6.58,4.751,25.655
3800000,6.2,3716,6.58,3.57,22.134
3800000,5.8,11578,6.58,4.064,23.571
3800000,5.8,53157,6.58,4.726,27.411
3800000,4.7,5122,6.58,3.709,17.432
3800000,4.7,5132,6.58,3.71,17.437
3700000,5.8,15613,6.568,4.193,24.319
3700000,5.2,2055,6.568,3.313,17.228
3600000,6.5,11266,6.556,4.052,26.338
3600000,6.2,1300,6.556,3.114,19.307
3500000,6.6,4970,6.544,3.696,24.394
3500000,7.2,16008,6.544,4.204,30.269
3500000,6.4,49438,6.544,4.694,30.042
3400000,3.7,11605,6.531,4.065,15.041
3400000,6.4,18518,6.531,4.268,27.315
3400000,4.8,2365,6.531,3.374,16.195
3400000,4.8,16059,6.531,4.206,20.189
3400000,7,3008,6.531,3.478,24.346
3400000,5.4,336,6.531,2.526,13.64
3300000,6.6,29469,6.519,4.469,29.495
3300000,5.6,18285,6.519,4.262,23.867
3300000,6.2,63582,6.519,4.803,29.779
3300000,6.3,6947,6.519,3.842,24.205
3300000,5.3,17192,6.519,4.235,22.446
3300000,5.4,69,6.519,1.839,9.931
3200000,7.6,87,6.505,1.94,14.744
3200000,5.9,3010,6.505,3.479,20.526
3200000,4.3,7747,6.505,3.889,16.723
3200000,5.3,2519,6.505,3.401,18.025
3100000,7.4,277507,6.491,5.443,40.278
3100000,6.6,42606,6.491,4.629,30.551
3100000,4.1,12120,6.491,4.084,16.744
3100000,6.3,5019,6.491,3.701,23.316
3100000,5.7,8918,6.491,3.95,22.515
3000000,5.6,83059,6.477,4.919,27.546
3000000,5.7,5955,6.477,3.775,21.518
3000000,4.5,6084,6.477,3.784,17.028
3000000,7.5,653,6.477,2.815,21.113
3000000,6,117,6.477,2.068,12.408
3000000,6.6,477,6.477,2.679,17.681
2900000,6.8,34106,6.462,4.533,30.824
2900000,6.9,71960,6.462,4.857,33.513
2900000,6.3,43750,6.462,4.641,29.238
2900000,5.4,4238,6.462,3.627,19.586
2900000,4.4,6565,6.462,3.817,16.795
2900000,7.1,24,6.462,1.38,9.798
2900000,6.9,28,6.462,1.447,9.984
2800000,5.6,37393,6.447,4.573,25.609
2800000,6.9,49568,6.447,4.695,32.396
2800000,4.8,48,6.447,1.681,8.069
2700000,9,316300,6.431,5.5,49.5
2700000,4.5,84893,6.431,4.929,22.181
2700000,7.1,1626,6.431,3.211,22.798
2700000,5.3,16263,6.431,4.211,22.318
2700000,6.6,5437,6.431,3.735,24.651
2700000,5.2,126,6.431,2.1,10.92
2600000,5.6,26117,6.415,4.417,24.735
2600000,5.7,6917,6.415,3.84,21.888
2600000,6.3,4861,6.415,3.687,23.228
2600000,4.7,20030,6.415,4.302,20.219
2500000,6.8,49505,6.398,4.695,31.926
2500000,6.6,6955,6.398,3.842,25.357
2500000,5.2,11676,6.398,4.067,21.148
2500000,5.1,668,6.398,2.825,14.408
2500000,4.8,862,6.398,2.936,14.093
2500000,5.3,127,6.398,2.104,11.151
2400000,5.4,35557,6.38,4.551,24.575
2400000,6.1,21599,6.38,4.334,26.437
2400000,5.7,74469,6.38,4.872,27.77
2400000,5.8,36030,6.38,4.557,26.431
2400000,5.4,30573,6.38,4.485,24.219
2400000,5.5,105228,6.38,5.022,27.621
2400000,5.4,19852,6.38,4.298,23.209
2400000,4.9,2740,6.38,3.438,16.846
2400000,6,98,6.38,1.991,11.946
2400000,6.4,52,6.38,1.716,10.982
2400000,6.9,32,6.38,1.505,10.385
2300000,5.9,3830,6.362,3.583,21.14
2300000,4.3,15484,6.362,4.19,18.017
2300000,5.8,9071,6.362,3.958,22.956
2300000,6.1,6370,6.362,3.804,23.204
2300000,5.6,69,6.362,1.839,10.298
2300000,5.1,158,6.362,2.199,11.215
2300000,6.9,803,6.362,2.905,20.045
2200000,6.4,56,6.342,1.748,11.187
2200000,7.3,72933,6.342,4.863,35.5
2200000,5.7,14514,6.342,4.162,23.723
2200000,5,1308,6.342,3.117,15.585
2200000,5.5,1020,6.342,3.009,16.55
2200000,6,40,6.342,1.602,9.612
2100000,6,41997,6.322,4.623,27.738
2100000,7,11080,6.322,4.045,28.315
2100000,6.3,13097,6.322,4.117,25.937
2100000,5.5,18386,6.322,4.264,23.452
2100000,5.8,229,6.322,2.36,13.688
2000000,6.2,14652,6.301,4.166,25.829
2000000,7,49524,6.301,4.695,32.865
2000000,5.7,8827,6.301,3.946,22.492
2000000,5.4,52102,6.301,4.717,25.472
2000000,6.1,19675,6.301,4.294,26.193
2000000,6.1,11393,6.301,4.057,24.748
2000000,5.6,12284,6.301,4.089,22.898
2000000,5.6,17543,6.301,4.244,23.766
2000000,6.1,8125,6.301,3.91,23.851
2000000,6.1,22717,6.301,4.356,26.572
2000000,4.7,7926,6.301,3.899,18.325
2000000,5.4,13,6.301,1.114,6.016
1900000,7.9,303984,6.279,5.483,43.316
1900000,6.3,52870,6.279,4.723,29.755
1900000,5.1,4869,6.279,3.687,18.804
1900000,7.2,39952,6.279,4.602,33.134
1900000,6.4,9274,6.279,3.967,25.389
1900000,5.8,22032,6.279,4.343,25.189
1900000,7.1,126454,6.279,5.102,36.224
1900000,6.5,24899,6.279,4.396,28.574
1800000,7.7,81447,6.255,4.911,37.815
1800000,6.8,169764,6.255,5.23,35.564
1800000,7.1,64227,6.255,4.808,34.137
1800000,6.5,1032,6.255,3.014,19.591
1800000,5.4,21441,6.255,4.331,23.387
1800000,5.7,18171,6.255,4.259,24.276
1800000,5.9,23068,6.255,4.363,25.742
1800000,5.9,3523,6.255,3.547,20.927
1800000,5.3,9,6.255,0.954,5.056
1800000,6.1,51,6.255,1.708,10.419
1800000,8,12,6.255,1.079,8.632
1800000,7.8,16567,6.255,4.219,32.908
1700000,7.1,60169,6.23,4.779,33.931
1700000,6.4,8553,6.23,3.932,25.165
1700000,6.6,14291,6.23,4.155,27.423
1700000,6.5,108970,6.23,5.037,32.741
1700000,3.3,34572,6.23,4.539,14.979
1700000,5.1,13753,6.23,4.138,21.104
1600000,6.2,4458,6.204,3.649,22.624
1600000,6.7,42262,6.204,4.626,30.994
1600000,6.9,26222,6.204,4.419,30.491
1600000,6.6,2633,6.204,3.42,22.572
1600000,5.9,4547,6.204,3.658,21.582
1600000,6.5,5890,6.204,3.77,24.505
1600000,6.4,2476,6.204,3.394,21.722
1600000,3.4,12043,6.204,4.081,13.875
1600000,4.9,6120,6.204,3.787,18.556
1600000,8.9,32001,6.204,4.505,40.095
1600000,8.1,54166,6.204,4.734,38.345
1600000,7.7,2557,6.204,3.408,26.242
1600000,7,5794,6.204,3.763,26.341
1600000,5.8,162,6.204,2.21,12.818
1500000,6,189,6.176,2.276,13.656
1500000,7.5,94,6.176,1.973,14.798
1500000,6.8,56455,6.176,4.752,32.314
1500000,5.1,1237,6.176,3.092,15.769
1500000,5,2845,6.176,3.454,17.27
1500000,7.2,47,6.176,1.672,12.038
1400000,6.7,25588,6.146,4.408,29.534
1400000,7.1,74270,6.146,4.871,34.584
1400000,6.9,13656,6.146,4.135,28.532
1400000,7.7,25371,6.146,4.404,33.911
1400000,6.5,4643,6.146,3.667,23.836
1400000,4.7,34443,6.146,4.537,21.324
1400000,5.5,13476,6.146,4.13,22.715
1400000,7.2,43497,6.146,4.638,33.394
1400000,5.8,39,6.146,1.591,9.228
1300000,5.9,235,6.114,2.371,13.989
1300000,7.1,18547,6.114,4.268,30.303
1300000,6.5,93701,6.114,4.972,32.318
1300000,7.2,6434,6.114,3.808,27.418
1300000,6.3,5310,6.114,3.725,23.468
1300000,6.6,4368,6.114,3.64,24.024
1300000,6.2,10990,6.114,4.041,25.054
1300000,5.2,595,6.114,2.775,14.43
1300000,5.7,21604,6.114,4.335,24.71
1300000,6.7,26266,6.114,4.419,29.607
1300000,6.3,50985,6.114,4.707,29.654
1300000,7.6,82178,6.114,4.915,37.354
1300000,8.2,538546,6.114,5.731,46.994
1300000,4.6,8760,6.114,3.943,18.138
1300000,5.9,4230,6.114,3.626,21.393
1300000,6.4,1561,6.114,3.193,20.435
1200000,5.4,3470,6.079,3.54,19.116
1200000,5.2,10436,6.079,4.019,20.899
1200000,6.2,4444,6.079,3.648,22.618
1200000,4.9,1776,6.079,3.249,15.92
1200000,7.1,312,6.079,2.494,17.707
1200000,5.4,6341,6.079,3.802,20.531
1200000,6.4,20704,6.079,4.316,27.622
1200000,7.2,837,6.079,2.923,21.046
1200000,6.5,597,6.079,2.776,18.044
1100000,7.9,29324,6.041,4.467,35.289
1100000,6.3,8843,6.041,3.947,24.866
1100000,3.8,997,6.041,2.999,11.396
1100000,5.4,4584,6.041,3.661,19.769
1100000,6.7,20352,6.041,4.309,28.87
1100000,5.5,13313,6.041,4.124,22.682
1100000,5.6,4915,6.041,3.692,20.675
1100000,5.8,39160,6.041,4.593,26.639
1100000,5.7,4749,6.041,3.677,20.959
1100000,5.9,671,6.041,2.827,16.679
1100000,6.5,11422,6.041,4.058,26.377
1100000,7.3,4909,6.041,3.691,26.944
1100000,5.7,10046,6.041,4.002,22.811
1100000,6.9,15331,6.041,4.186,28.883
1100000,4.3,316,6.041,2.5,10.75
1000000,7.2,4962,6,3.696,26.611
1000000,7.6,123244,6,5.091,38.692
1000000,5.6,1820,6,3.26,18.256
1000000,6.8,29430,6,4.469,30.389
1000000,6.5,4490,6,3.652,23.738
1000000,5.9,4300,6,3.633,21.435
1000000,6.4,1284,6,3.109,19.898
1000000,7.4,10970,6,4.04,29.896
1000000,6.5,41196,6,4.615,29.998
1000000,6.1,32734,6,4.515,27.542
1000000,7.4,3575,6,3.553,26.292
900000,6.2,935,5.954,2.971,18.42
900000,6.3,935,5.954,2.971,18.717
900000,6.3,944,5.954,2.975,18.743
900000,6.6,85315,5.954,4.931,32.545
900000,7.3,4527,5.954,3.656,26.689
900000,7.7,175568,5.954,5.244,40.379
900000,6,46794,5.954,4.67,28.02
900000,7.2,60868,5.954,4.784,34.445
900000,3.9,333,5.954,2.522,9.836
900000,7.6,11138,5.954,4.047,30.757
900000,6.8,15290,5.954,4.184,28.451
900000,6.7,3423,5.954,3.534,23.678
900000,5.7,3023,5.954,3.48,19.836
900000,5.7,4457,5.954,3.649,20.799
900000,5.7,10974,5.954,4.04,23.028
900000,7.5,8438,5.954,3.926,29.445
900000,6.8,1046,5.954,3.02,20.536
900000,6.4,2676,5.954,3.427,21.933
900000,8.2,2395,5.954,3.379,27.708
900000,5.4,45,5.954,1.653,8.926
800000,6.5,51378,5.903,4.711,30.622
800000,4.7,23324,5.903,4.368,20.53
800000,5.8,1269,5.903,3.103,17.997
800000,4.1,1023,5.903,3.01,12.341
800000,5.9,3233,5.903,3.51,20.709
800000,4,930,5.903,2.968,11.872
800000,6.3,2818,5.903,3.45,21.735
800000,6.2,3294,5.903,3.518,21.812
800000,5.9,32081,5.903,4.506,26.585
800000,6.4,9740,5.903,3.989,25.53
800000,6.3,3549,5.903,3.55,22.365
800000,6.2,43524,5.903,4.639,28.762
800000,6.1,26168,5.903,4.418,26.95
800000,6.8,1394,5.903,3.144,21.379
800000,5.1,1312,5.903,3.118,15.902
700000,5.5,20649,5.845,4.315,23.733
700000,4.5,1279,5.845,3.107,13.982
700000,5.6,6124,5.845,3.787,21.207
700000,4.4,420,5.845,2.623,11.541
700000,5.5,1052,5.845,3.022,16.621
700000,5.2,17721,5.845,4.248,22.09
700000,4.8,1511,5.845,3.179,15.259
700000,6.6,3525,5.845,3.547,23.41
700000,6.2,7859,5.845,3.895,24.149
700000,6.3,4831,5.845,3.684,23.209
700000,5.7,22612,5.845,4.354,24.818
700000,6.4,2746,5.845,3.439,22.01
600000,5.8,11860,5.778,4.074,23.629
600000,5.2,17257,5.778,4.237,22.032
600000,4.8,351,5.778,2.545,12.216
600000,5.3,610,5.778,2.785,14.761
600000,3.7,157,5.778,2.196,8.125
600000,5.1,8222,5.778,3.915,19.967
600000,6,2328,5.778,3.367,20.202
600000,6.4,2308,5.778,3.363,21.523
600000,4.8,9010,5.778,3.955,18.984
600000,6.2,34544,5.778,4.538,28.136
600000,6.4,5771,5.778,3.761,24.07
600000,4.6,2400,5.778,3.38,15.548
600000,5.9,2551,5.778,3.407,20.101
600000,4.2,467,5.778,2.669,11.21
600000,4.5,1990,5.778,3.299,14.846
600000,6.1,889,5.778,2.949,17.989
600000,5.8,8250,5.778,3.916,22.713
600000,7.6,14794,5.778,4.17,31.692
600000,6.2,865,5.778,2.937,18.209
600000,6.8,595,5.778,2.775,18.87
600000,5.6,4289,5.778,3.632,20.339
500000,7.3,121183,5.699,5.083,37.106
500000,7.9,50065,5.699,4.7,37.13
500000,7.2,19832,5.699,4.297,30.938
500000,5.4,1211,5.699,3.083,16.648
500000,5.7,61331,5.699,4.788,27.292
500000,6.8,19558,5.699,4.291,29.179
500000,5.6,6488,5.699,3.812,21.347
500000,6.4,1134,5.699,3.055,19.552
500000,7,13068,5.699,4.116,28.812
500000,6.9,52538,5.699,4.72,32.568
500000,7.6,2765,5.699,3.442,26.159
500000,6.9,24777,5.699,4.394,30.319
500000,5.8,7112,5.699,3.852,22.342
500000,6.3,39434,5.699,4.596,28.955
500000,8.1,30963,5.699,4.491,36.377
500000,7.6,2865,5.699,3.457,26.273
500000,6.4,26416,5.699,4.422,28.301
500000,7.2,10,5.699,1,7.2
400000,3.7,150,5.602,2.176,8.051
400000,7.2,6669,5.602,3.824,27.533
400000,6.8,5115,5.602,3.709,25.221
400000,5.8,1812,5.602,3.258,18.896
400000,5.1,7134,5.602,3.853,19.65
400000,4.4,168,5.602,2.225,9.79
400000,5.9,24467,5.602,4.389,25.895
400000,6.6,4431,5.602,3.647,24.07
400000,5,386,5.602,2.587,12.935
400000,6.3,17989,5.602,4.255,26.807
400000,5.2,4702,5.602,3.672,19.094
400000,6.1,17679,5.602,4.247,25.907
400000,5.6,967,5.602,2.985,16.716
400000,6.7,2613,5.602,3.417,22.894
400000,7,6642,5.602,3.822,26.754
400000,5.2,10895,5.602,4.037,20.992
400000,6.3,14949,5.602,4.175,26.303
400000,7.2,595,5.602,2.775,19.98
400000,6.3,5207,5.602,3.717,23.417
400000,6.1,6715,5.602,3.827,23.345
400000,7.3,459,5.602,2.662,19.433
400000,4.7,3191,5.602,3.504,16.469
400000,6.3,4728,5.602,3.675,23.153
400000,7.4,974,5.602,2.989,22.119
400000,6.8,2834,5.602,3.452,23.474
400000,6.3,3640,5.602,3.561,22.434
400000,7,2816,5.602,3.45,24.15
400000,7.2,194,5.602,2.288,16.474
400000,7.2,663,5.602,2.822,20.318
400000,7.1,1469,5.602,3.167,22.486
300000,6.4,644,5.477,2.809,17.978
300000,5.9,27218,5.477,4.435,26.167
300000,6.3,923,5.477,2.965,18.68
300000,5.9,14672,5.477,4.166,24.579
300000,7.6,4595,5.477,3.662,27.831
300000,6.2,9960,5.477,3.998,24.788
300000,7,23656,5.477,4.374,30.618
300000,6.7,16339,5.477,4.213,28.227
300000,5.6,401,5.477,2.603,14.577
300000,7.4,21972,5.477,4.342,32.131
300000,6.7,7651,5.477,3.884,26.023
300000,6.9,5981,5.477,3.777,26.061
300000,5.4,4455,5.477,3.649,19.705
300000,4.6,14773,5.477,4.169,19.177
300000,6,2401,5.477,3.38,20.28
300000,4.1,3519,5.477,3.546,14.539
300000,6.7,14513,5.477,4.162,27.885
300000,6.2,4953,5.477,3.695,22.909
300000,5.7,4453,5.477,3.649,20.799
300000,5.8,5180,5.477,3.714,21.541
300000,8,5250,5.477,3.72,29.76
300000,5.3,4043,5.477,3.607,19.117
300000,5.2,13,5.477,1.114,5.793
300000,7.1,3418,5.477,3.534,25.091
300000,8.2,6883,5.477,3.838,31.472
300000,6.3,3365,5.477,3.527,22.22
300000,5.9,10710,5.477,4.03,23.777
300000,6.9,1755,5.477,3.244,22.384
300000,6.6,244,5.477,2.387,15.754
300000,6.6,869,5.477,2.939,19.397
300000,7.1,1868,5.477,3.271,23.224
300000,7.4,7990,5.477,3.903,28.882
300000,7.3,358,5.477,2.554,18.644
300000,6.9,3917,5.477,3.593,24.792
300000,7,426,5.477,2.629,18.403
300000,4.8,689,5.477,2.838,13.622
300000,6.7,282,5.477,2.45,16.415
200000,6.1,981,5.301,2.992,18.251
200000,6.7,252,5.301,2.401,16.087
200000,5.1,751,5.301,2.876,14.668
200000,6,2886,5.301,3.46,20.76
200000,7,37,5.301,1.568,10.976
200000,5.9,17923,5.301,4.253,25.093
200000,8.1,6790,5.301,3.832,31.039
200000,6.5,3005,5.301,3.478,22.607
200000,6.5,23642,5.301,4.374,28.431
200000,3.7,197,5.301,2.294,8.488
200000,6.8,15722,5.301,4.197,28.54
200000,6.3,502,5.301,2.701,17.016
200000,5.6,234,5.301,2.369,13.266
200000,5.6,224,5.301,2.35,13.16
200000,5.9,7265,5.301,3.861,22.78
200000,6.9,6391,5.301,3.806,26.261
200000,5.9,6477,5.301,3.811,22.485
200000,4.8,2758,5.301,3.441,16.517
200000,8.2,4943,5.301,3.694,30.291
200000,7.4,9912,5.301,3.996,29.57
200000,5.8,1017,5.301,3.007,17.441
200000,7.5,1234,5.301,3.091,23.183
200000,7.2,8834,5.301,3.946,28.411
200000,7.2,1837,5.301,3.264,23.501
200000,5.7,1488,5.301,3.173,18.086
200000,6.6,37062,5.301,4.569,30.155
200000,6.3,2192,5.301,3.341,21.048
200000,5.1,1567,5.301,3.195,16.295
200000,4.9,5435,5.301,3.735,18.302
200000,6,2833,5.301,3.452,20.712
200000,7.3,6688,5.301,3.825,27.923
200000,8,4130,5.301,3.616,28.928
200000,7.5,1383,5.301,3.141,23.558
200000,6.5,7844,5.301,3.895,25.318
200000,5.5,3950,5.301,3.597,19.784
200000,6.3,2600,5.301,3.415,21.515
200000,7.3,1587,5.301,3.201,23.367
200000,6.1,6266,5.301,3.797,23.162
200000,7.6,13970,5.301,4.145,31.502
200000,5.9,4205,5.301,3.624,21.382
200000,5.5,12684,5.301,4.103,22.567
200000,6.8,38711,5.301,4.588,31.198
200000,5.5,1362,5.301,3.134,17.237
200000,7.7,316,5.301,2.5,19.25
200000,7.2,802,5.301,2.904,20.909
200000,7,1424,5.301,3.154,22.078
200000,7.2,2308,5.301,3.363,24.214
200000,7.3,2429,5.301,3.385,24.711
200000,7,1032,5.301,3.014,21.098
200000,6.6,738,5.301,2.868,18.929
100000,6.6,4194,5,3.623,23.912
100000,5.5,1177,5,3.071,16.891
100000,5.9,432,5,2.635,15.547
100000,7.8,4469,5,3.65,28.47
100000,3.9,368,5,2.566,10.007
100000,6.9,986,5,2.994,20.659
100000,4.7,286,5,2.456,11.543
100000,8.1,25357,5,4.404,35.672
100000,7,344,5,2.537,17.759
100000,6,1934,5,3.286,19.716
100000,7.3,967,5,2.985,21.791
100000,5.4,1113,5,3.046,16.448
100000,7.5,2689,5,3.43,25.725
100000,4.1,185,5,2.267,9.295
100000,4.9,139,5,2.143,10.501
100000,7.9,2007,5,3.303,26.094
100000,6.2,155,5,2.19,13.578
100000,7.2,3334,5,3.523,25.366
100000,5.7,320,5,2.505,14.279
100000,6.5,4167,5,3.62,23.53
100000,3.7,1709,5,3.233,11.962
100000,6.7,733,5,2.865,19.196
100000,7.2,866,5,2.938,21.154
100000,5.3,678,5,2.831,15.004
100000,7.9,4272,5,3.631,28.685
100000,6.8,1436,5,3.157,21.468
100000,6.5,5721,5,3.757,24.421
100000,6.8,27735,5,4.443,30.212
100000,5.6,19572,5,4.292,24.035
100000,8.2,11569,5,4.063,33.317
100000,6.2,9400,5,3.973,24.633
100000,6.1,5561,5,3.745,22.845
100000,6.9,14362,5,4.157,28.683
100000,5.5,1117,5,3.048,16.764
100000,5.5,1915,5,3.282,18.051
100000,6.1,5471,5,3.738,22.802
100000,5.6,562,5,2.75,15.4
100000,7.1,4669,5,3.669,26.05
100000,5.8,193,5,2.286,13.259
100000,5.6,266,5,2.425,13.58
100000,5.4,585,5,2.767,14.942
100000,6.3,14757,5,4.169,26.265
100000,5.2,205,5,2.312,12.022
100000,6.6,503,5,2.702,17.833
100000,8.2,5514,5,3.741,30.676
100000,6.9,1115,5,3.047,21.024
100000,7.1,896,5,2.952,20.959
100000,5.5,677,5,2.831,15.571
100000,7,2254,5,3.353,23.471
100000,5,158,5,2.199,10.995
100000,5.1,283,5,2.452,12.505
100000,6.6,111,5,2.045,13.497
100000,5.1,292,5,2.465,12.572
100000,7.3,7466,5,3.873,28.273
100000,5.2,4638,5,3.666,19.063
100000,5.7,4323,5,3.636,20.725
100000,4.6,2002,5,3.301,15.185
100000,6.2,8696,5,3.939,24.422
100000,6.4,327,5,2.515,16.096
100000,3.5,144,5,2.158,7.553
100000,6.9,912,5,2.96,20.424
100000,5.8,7499,5,3.875,22.475
100000,6.9,1196,5,3.078,21.238
100000,6.2,3437,5,3.536,21.923
100000,7,2309,5,3.363,23.541
100000,6.7,554,5,2.744,18.385
100000,7.1,13991,5,4.146,29.437
100000,4.2,213,5,2.328,9.778
100000,7.2,1201,5,3.08,22.176
100000,6.9,642,5,2.808,19.375
100000,6.5,800,5,2.903,18.87
100000,7.5,1649,5,3.217,24.128
100000,8.1,1704,5,3.231,26.171
100000,6.8,3252,5,3.512,23.882
100000,7.2,1389,5,3.143,22.63
100000,6.5,2078,5,3.318,21.567
100000,5.9,208,5,2.318,13.676
100000,6.8,742,5,2.87,19.516
100000,6.4,291,5,2.464,15.77
100000,6.4,3936,5,3.595,23.008
100000,6.7,16669,5,4.222,28.287
100000,7.2,2992,5,3.476,25.027
100000,7.8,3324,5,3.522,27.472
100000,6.5,1006,5,3.003,19.52
100000,6.8,413,5,2.616,17.789
100000,8.3,19042,5,4.28,35.524
100000,5.3,7049,5,3.848,20.394
